{
  "check left" : {
    "transaction" : "check left",
    "sampleCount" : 1000,
    "errorCount" : 0,
    "errorPct" : 0.0,
    "meanResTime" : 2.111000000000001,
    "medianResTime" : 2.0,
    "minResTime" : 0.0,
    "maxResTime" : 13.0,
    "pct1ResTime" : 3.0,
    "pct2ResTime" : 4.0,
    "pct3ResTime" : 6.0,
    "throughput" : 551.2679162072768,
    "receivedKBytesPerSec" : 81.82883131201764,
    "sentKBytesPerSec" : 275.0956105292172
  },
  "logout" : {
    "transaction" : "logout",
    "sampleCount" : 1000,
    "errorCount" : 0,
    "errorPct" : 0.0,
    "meanResTime" : 1.616,
    "medianResTime" : 1.0,
    "minResTime" : 0.0,
    "maxResTime" : 8.0,
    "pct1ResTime" : 3.0,
    "pct2ResTime" : 3.0,
    "pct3ResTime" : 4.0,
    "throughput" : 558.9714924538849,
    "receivedKBytesPerSec" : 188.87122694242595,
    "sentKBytesPerSec" : 326.43061766349916
  },
  "Total" : {
    "transaction" : "Total",
    "sampleCount" : 4000,
    "errorCount" : 0,
    "errorPct" : 0.0,
    "meanResTime" : 2.4267499999999957,
    "medianResTime" : 2.0,
    "minResTime" : 0.0,
    "maxResTime" : 17.0,
    "pct1ResTime" : 4.0,
    "pct2ResTime" : 5.0,
    "pct3ResTime" : 8.0,
    "throughput" : 2190.580503833516,
    "receivedKBytesPerSec" : 672.2557845016429,
    "sentKBytesPerSec" : 1153.0978316675794
  },
  "buy IPhone12" : {
    "transaction" : "buy IPhone12",
    "sampleCount" : 1000,
    "errorCount" : 0,
    "errorPct" : 0.0,
    "meanResTime" : 2.1200000000000045,
    "medianResTime" : 2.0,
    "minResTime" : 0.0,
    "maxResTime" : 8.0,
    "pct1ResTime" : 3.0,
    "pct2ResTime" : 4.0,
    "pct3ResTime" : 5.990000000000009,
    "throughput" : 551.5719801434087,
    "receivedKBytesPerSec" : 80.79667677881964,
    "sentKBytesPerSec" : 324.8026406508549
  },
  "login" : {
    "transaction" : "login",
    "sampleCount" : 1000,
    "errorCount" : 0,
    "errorPct" : 0.0,
    "meanResTime" : 3.8599999999999937,
    "medianResTime" : 3.0,
    "minResTime" : 1.0,
    "maxResTime" : 17.0,
    "pct1ResTime" : 6.0,
    "pct2ResTime" : 8.0,
    "pct3ResTime" : 10.990000000000009,
    "throughput" : 548.8474204171241,
    "receivedKBytesPerSec" : 326.4141396816685,
    "sentKBytesPerSec" : 238.02504973929746
  }
}